id,filename,class
0,k_generated_mfcc/2024-03-10--10-30-46/0-mfcc-2024-03-10--10-30-46.npy,1
1,k_generated_mfcc/2024-03-10--10-30-46/1-mfcc-2024-03-10--10-30-46.npy,1
2,k_generated_mfcc/2024-03-10--10-30-46/2-mfcc-2024-03-10--10-30-46.npy,1
3,k_generated_mfcc/2024-03-10--10-30-46/3-mfcc-2024-03-10--10-30-46.npy,1
4,k_generated_mfcc/2024-03-10--10-30-46/4-mfcc-2024-03-10--10-30-46.npy,1
5,k_generated_mfcc/2024-03-10--10-30-46/5-mfcc-2024-03-10--10-30-46.npy,1
6,k_generated_mfcc/2024-03-10--10-30-46/6-mfcc-2024-03-10--10-30-46.npy,1
7,k_generated_mfcc/2024-03-10--10-30-46/7-mfcc-2024-03-10--10-30-46.npy,1
8,k_generated_mfcc/2024-03-10--10-30-46/8-mfcc-2024-03-10--10-30-46.npy,1
9,k_generated_mfcc/2024-03-10--10-30-46/9-mfcc-2024-03-10--10-30-46.npy,1
10,k_generated_mfcc/2024-03-10--10-30-46/10-mfcc-2024-03-10--10-30-46.npy,1
11,k_generated_mfcc/2024-03-10--10-30-46/11-mfcc-2024-03-10--10-30-46.npy,1
12,k_generated_mfcc/2024-03-10--10-30-46/12-mfcc-2024-03-10--10-30-46.npy,1
13,k_generated_mfcc/2024-03-10--10-30-46/13-mfcc-2024-03-10--10-30-46.npy,1
14,k_generated_mfcc/2024-03-10--10-30-46/14-mfcc-2024-03-10--10-30-46.npy,1
15,k_generated_mfcc/2024-03-10--10-30-46/15-mfcc-2024-03-10--10-30-46.npy,1
16,k_generated_mfcc/2024-03-10--10-30-46/16-mfcc-2024-03-10--10-30-46.npy,1
17,k_generated_mfcc/2024-03-10--10-30-46/17-mfcc-2024-03-10--10-30-46.npy,1
18,k_generated_mfcc/2024-03-10--10-30-46/18-mfcc-2024-03-10--10-30-46.npy,1
19,k_generated_mfcc/2024-03-10--10-30-46/19-mfcc-2024-03-10--10-30-46.npy,1
20,k_generated_mfcc/2024-03-10--10-30-46/20-mfcc-2024-03-10--10-30-46.npy,1
21,k_generated_mfcc/2024-03-10--10-30-46/21-mfcc-2024-03-10--10-30-46.npy,1
22,k_generated_mfcc/2024-03-10--10-30-46/22-mfcc-2024-03-10--10-30-46.npy,1
23,k_generated_mfcc/2024-03-10--10-30-46/23-mfcc-2024-03-10--10-30-46.npy,1
24,k_generated_mfcc/2024-03-10--10-30-46/24-mfcc-2024-03-10--10-30-46.npy,1
25,k_generated_mfcc/2024-03-10--10-30-46/25-mfcc-2024-03-10--10-30-46.npy,1
26,k_generated_mfcc/2024-03-10--10-30-46/26-mfcc-2024-03-10--10-30-46.npy,1
27,k_generated_mfcc/2024-03-10--10-30-46/27-mfcc-2024-03-10--10-30-46.npy,1
28,k_generated_mfcc/2024-03-10--10-30-46/28-mfcc-2024-03-10--10-30-46.npy,1
29,k_generated_mfcc/2024-03-10--10-30-46/29-mfcc-2024-03-10--10-30-46.npy,1
30,k_generated_mfcc/2024-03-10--10-30-46/30-mfcc-2024-03-10--10-30-46.npy,1
31,k_generated_mfcc/2024-03-10--10-30-46/31-mfcc-2024-03-10--10-30-46.npy,1
32,k_generated_mfcc/2024-03-10--10-30-46/32-mfcc-2024-03-10--10-30-46.npy,1
33,k_generated_mfcc/2024-03-10--10-30-46/33-mfcc-2024-03-10--10-30-46.npy,1
34,k_generated_mfcc/2024-03-10--10-30-46/34-mfcc-2024-03-10--10-30-46.npy,1
35,k_generated_mfcc/2024-03-10--10-30-46/35-mfcc-2024-03-10--10-30-46.npy,1
36,k_generated_mfcc/2024-03-10--10-30-46/36-mfcc-2024-03-10--10-30-46.npy,1
37,k_generated_mfcc/2024-03-10--10-30-46/37-mfcc-2024-03-10--10-30-46.npy,1
38,k_generated_mfcc/2024-03-10--10-30-46/38-mfcc-2024-03-10--10-30-46.npy,1
39,k_generated_mfcc/2024-03-10--10-30-46/39-mfcc-2024-03-10--10-30-46.npy,1
40,k_generated_mfcc/2024-03-10--10-30-46/40-mfcc-2024-03-10--10-30-46.npy,1
41,k_generated_mfcc/2024-03-10--10-30-46/41-mfcc-2024-03-10--10-30-46.npy,1
42,k_generated_mfcc/2024-03-10--10-30-46/42-mfcc-2024-03-10--10-30-46.npy,1
43,k_generated_mfcc/2024-03-10--10-30-46/43-mfcc-2024-03-10--10-30-46.npy,1
44,k_generated_mfcc/2024-03-10--10-30-46/44-mfcc-2024-03-10--10-30-46.npy,1
45,k_generated_mfcc/2024-03-10--10-30-46/45-mfcc-2024-03-10--10-30-46.npy,1
46,k_generated_mfcc/2024-03-10--10-30-46/46-mfcc-2024-03-10--10-30-46.npy,1
47,k_generated_mfcc/2024-03-10--10-30-46/47-mfcc-2024-03-10--10-30-46.npy,1
48,k_generated_mfcc/2024-03-10--10-30-46/48-mfcc-2024-03-10--10-30-46.npy,1
49,k_generated_mfcc/2024-03-10--10-30-46/49-mfcc-2024-03-10--10-30-46.npy,1
50,k_generated_mfcc/2024-03-10--10-30-46/50-mfcc-2024-03-10--10-30-46.npy,1
51,k_generated_mfcc/2024-03-10--10-30-46/51-mfcc-2024-03-10--10-30-46.npy,1
52,k_generated_mfcc/2024-03-10--10-30-46/52-mfcc-2024-03-10--10-30-46.npy,1
53,k_generated_mfcc/2024-03-10--10-30-46/53-mfcc-2024-03-10--10-30-46.npy,1
54,k_generated_mfcc/2024-03-10--10-30-46/54-mfcc-2024-03-10--10-30-46.npy,1
55,k_generated_mfcc/2024-03-10--10-30-46/55-mfcc-2024-03-10--10-30-46.npy,1
56,k_generated_mfcc/2024-03-10--10-30-46/56-mfcc-2024-03-10--10-30-46.npy,1
57,k_generated_mfcc/2024-03-10--10-30-46/57-mfcc-2024-03-10--10-30-46.npy,1
58,k_generated_mfcc/2024-03-10--10-30-46/58-mfcc-2024-03-10--10-30-46.npy,1
59,k_generated_mfcc/2024-03-10--10-30-46/59-mfcc-2024-03-10--10-30-46.npy,1
60,k_generated_mfcc/2024-03-10--10-30-46/60-mfcc-2024-03-10--10-30-46.npy,1
61,k_generated_mfcc/2024-03-10--10-30-46/61-mfcc-2024-03-10--10-30-46.npy,1
62,k_generated_mfcc/2024-03-10--10-30-46/62-mfcc-2024-03-10--10-30-46.npy,1
63,k_generated_mfcc/2024-03-10--10-30-46/63-mfcc-2024-03-10--10-30-46.npy,1
64,k_generated_mfcc/2024-03-10--10-30-46/64-mfcc-2024-03-10--10-30-46.npy,1
65,k_generated_mfcc/2024-03-10--10-30-46/65-mfcc-2024-03-10--10-30-46.npy,1
66,k_generated_mfcc/2024-03-10--10-30-46/66-mfcc-2024-03-10--10-30-46.npy,1
67,k_generated_mfcc/2024-03-10--10-30-46/67-mfcc-2024-03-10--10-30-46.npy,1
68,k_generated_mfcc/2024-03-10--10-30-46/68-mfcc-2024-03-10--10-30-46.npy,1
69,k_generated_mfcc/2024-03-10--10-30-46/69-mfcc-2024-03-10--10-30-46.npy,1
70,k_generated_mfcc/2024-03-10--10-30-46/70-mfcc-2024-03-10--10-30-46.npy,1
71,k_generated_mfcc/2024-03-10--10-30-46/71-mfcc-2024-03-10--10-30-46.npy,1
72,k_generated_mfcc/2024-03-10--10-30-46/72-mfcc-2024-03-10--10-30-46.npy,1
73,k_generated_mfcc/2024-03-10--10-30-46/73-mfcc-2024-03-10--10-30-46.npy,1
74,k_generated_mfcc/2024-03-10--10-30-46/74-mfcc-2024-03-10--10-30-46.npy,1
75,k_generated_mfcc/2024-03-10--10-30-46/75-mfcc-2024-03-10--10-30-46.npy,1
76,k_generated_mfcc/2024-03-10--10-30-46/76-mfcc-2024-03-10--10-30-46.npy,1
77,k_generated_mfcc/2024-03-10--10-30-46/77-mfcc-2024-03-10--10-30-46.npy,1
78,k_generated_mfcc/2024-03-10--10-30-46/78-mfcc-2024-03-10--10-30-46.npy,1
79,k_generated_mfcc/2024-03-10--10-30-46/79-mfcc-2024-03-10--10-30-46.npy,1
80,k_generated_mfcc/2024-03-10--10-30-46/80-mfcc-2024-03-10--10-30-46.npy,1
81,k_generated_mfcc/2024-03-10--10-30-46/81-mfcc-2024-03-10--10-30-46.npy,1
82,k_generated_mfcc/2024-03-10--10-30-46/82-mfcc-2024-03-10--10-30-46.npy,1
83,k_generated_mfcc/2024-03-10--10-30-46/83-mfcc-2024-03-10--10-30-46.npy,1
84,k_generated_mfcc/2024-03-10--10-30-46/84-mfcc-2024-03-10--10-30-46.npy,1
85,k_generated_mfcc/2024-03-10--10-30-46/85-mfcc-2024-03-10--10-30-46.npy,1
86,k_generated_mfcc/2024-03-10--10-30-46/86-mfcc-2024-03-10--10-30-46.npy,1
87,k_generated_mfcc/2024-03-10--10-30-46/87-mfcc-2024-03-10--10-30-46.npy,1
88,k_generated_mfcc/2024-03-10--10-30-46/88-mfcc-2024-03-10--10-30-46.npy,1
89,k_generated_mfcc/2024-03-10--10-30-46/89-mfcc-2024-03-10--10-30-46.npy,1
90,k_generated_mfcc/2024-03-10--10-30-46/90-mfcc-2024-03-10--10-30-46.npy,1
91,k_generated_mfcc/2024-03-10--10-30-46/91-mfcc-2024-03-10--10-30-46.npy,1
92,k_generated_mfcc/2024-03-10--10-30-46/92-mfcc-2024-03-10--10-30-46.npy,1
93,k_generated_mfcc/2024-03-10--10-30-46/93-mfcc-2024-03-10--10-30-46.npy,1
94,k_generated_mfcc/2024-03-10--10-30-46/94-mfcc-2024-03-10--10-30-46.npy,1
95,k_generated_mfcc/2024-03-10--10-30-46/95-mfcc-2024-03-10--10-30-46.npy,1
96,k_generated_mfcc/2024-03-10--10-30-46/96-mfcc-2024-03-10--10-30-46.npy,1
97,k_generated_mfcc/2024-03-10--10-30-46/97-mfcc-2024-03-10--10-30-46.npy,1
98,k_generated_mfcc/2024-03-10--10-30-46/98-mfcc-2024-03-10--10-30-46.npy,1
99,k_generated_mfcc/2024-03-10--10-30-46/99-mfcc-2024-03-10--10-30-46.npy,1
100,k_generated_mfcc/2024-03-10--10-30-46/100-mfcc-2024-03-10--10-30-46.npy,1
101,k_generated_mfcc/2024-03-10--10-30-46/101-mfcc-2024-03-10--10-30-46.npy,1
102,k_generated_mfcc/2024-03-10--10-30-46/102-mfcc-2024-03-10--10-30-46.npy,1
103,k_generated_mfcc/2024-03-10--10-30-46/103-mfcc-2024-03-10--10-30-46.npy,1
104,k_generated_mfcc/2024-03-10--10-30-46/104-mfcc-2024-03-10--10-30-46.npy,1
105,k_generated_mfcc/2024-03-10--10-30-46/105-mfcc-2024-03-10--10-30-46.npy,1
106,k_generated_mfcc/2024-03-10--10-30-46/106-mfcc-2024-03-10--10-30-46.npy,1
107,k_generated_mfcc/2024-03-10--10-30-46/107-mfcc-2024-03-10--10-30-46.npy,1
108,k_generated_mfcc/2024-03-10--10-30-46/108-mfcc-2024-03-10--10-30-46.npy,1
109,k_generated_mfcc/2024-03-10--10-30-46/109-mfcc-2024-03-10--10-30-46.npy,1
110,k_generated_mfcc/2024-03-10--10-30-46/110-mfcc-2024-03-10--10-30-46.npy,1
111,k_generated_mfcc/2024-03-10--10-30-46/111-mfcc-2024-03-10--10-30-46.npy,1
112,k_generated_mfcc/2024-03-10--10-30-46/112-mfcc-2024-03-10--10-30-46.npy,1
113,k_generated_mfcc/2024-03-10--10-30-46/113-mfcc-2024-03-10--10-30-46.npy,1
114,k_generated_mfcc/2024-03-10--10-30-46/114-mfcc-2024-03-10--10-30-46.npy,1
115,k_generated_mfcc/2024-03-10--10-30-46/115-mfcc-2024-03-10--10-30-46.npy,1
116,k_generated_mfcc/2024-03-10--10-30-46/116-mfcc-2024-03-10--10-30-46.npy,1
117,k_generated_mfcc/2024-03-10--10-30-46/117-mfcc-2024-03-10--10-30-46.npy,1
118,k_generated_mfcc/2024-03-10--10-30-46/118-mfcc-2024-03-10--10-30-46.npy,1
119,k_generated_mfcc/2024-03-10--10-30-46/119-mfcc-2024-03-10--10-30-46.npy,1
120,k_generated_mfcc/2024-03-10--10-30-46/120-mfcc-2024-03-10--10-30-46.npy,1
121,k_generated_mfcc/2024-03-10--10-30-46/121-mfcc-2024-03-10--10-30-46.npy,1
122,k_generated_mfcc/2024-03-10--10-30-46/122-mfcc-2024-03-10--10-30-46.npy,1
123,k_generated_mfcc/2024-03-10--10-30-46/123-mfcc-2024-03-10--10-30-46.npy,1
124,k_generated_mfcc/2024-03-10--10-30-46/124-mfcc-2024-03-10--10-30-46.npy,1
125,k_generated_mfcc/2024-03-10--10-30-46/125-mfcc-2024-03-10--10-30-46.npy,1
126,k_generated_mfcc/2024-03-10--10-30-46/126-mfcc-2024-03-10--10-30-46.npy,1
127,k_generated_mfcc/2024-03-10--10-30-46/127-mfcc-2024-03-10--10-30-46.npy,1
128,k_generated_mfcc/2024-03-10--10-30-46/128-mfcc-2024-03-10--10-30-46.npy,1
129,k_generated_mfcc/2024-03-10--10-30-46/129-mfcc-2024-03-10--10-30-46.npy,1
130,k_generated_mfcc/2024-03-10--10-30-46/130-mfcc-2024-03-10--10-30-46.npy,1
131,k_generated_mfcc/2024-03-10--10-30-46/131-mfcc-2024-03-10--10-30-46.npy,1
132,k_generated_mfcc/2024-03-10--10-30-46/132-mfcc-2024-03-10--10-30-46.npy,1
133,k_generated_mfcc/2024-03-10--10-30-46/133-mfcc-2024-03-10--10-30-46.npy,1
134,k_generated_mfcc/2024-03-10--10-30-46/134-mfcc-2024-03-10--10-30-46.npy,1
135,k_generated_mfcc/2024-03-10--10-30-46/135-mfcc-2024-03-10--10-30-46.npy,1
136,k_generated_mfcc/2024-03-10--10-30-46/136-mfcc-2024-03-10--10-30-46.npy,1
137,k_generated_mfcc/2024-03-10--10-30-46/137-mfcc-2024-03-10--10-30-46.npy,1
138,k_generated_mfcc/2024-03-10--10-30-46/138-mfcc-2024-03-10--10-30-46.npy,1
139,k_generated_mfcc/2024-03-10--10-30-46/139-mfcc-2024-03-10--10-30-46.npy,1
140,k_generated_mfcc/2024-03-10--10-30-46/140-mfcc-2024-03-10--10-30-46.npy,1
141,k_generated_mfcc/2024-03-10--10-30-46/141-mfcc-2024-03-10--10-30-46.npy,1
142,k_generated_mfcc/2024-03-10--10-30-46/142-mfcc-2024-03-10--10-30-46.npy,1
143,k_generated_mfcc/2024-03-10--10-30-46/143-mfcc-2024-03-10--10-30-46.npy,1
144,k_generated_mfcc/2024-03-10--10-30-46/144-mfcc-2024-03-10--10-30-46.npy,1
145,k_generated_mfcc/2024-03-10--10-30-46/145-mfcc-2024-03-10--10-30-46.npy,1
146,k_generated_mfcc/2024-03-10--10-30-46/146-mfcc-2024-03-10--10-30-46.npy,1
147,k_generated_mfcc/2024-03-10--10-30-46/147-mfcc-2024-03-10--10-30-46.npy,1
148,k_generated_mfcc/2024-03-10--10-30-46/148-mfcc-2024-03-10--10-30-46.npy,1
149,k_generated_mfcc/2024-03-10--10-30-46/149-mfcc-2024-03-10--10-30-46.npy,1
150,k_generated_mfcc/2024-03-10--10-30-46/150-mfcc-2024-03-10--10-30-46.npy,1
151,k_generated_mfcc/2024-03-10--10-30-46/151-mfcc-2024-03-10--10-30-46.npy,1
152,k_generated_mfcc/2024-03-10--10-30-46/152-mfcc-2024-03-10--10-30-46.npy,1
153,k_generated_mfcc/2024-03-10--10-30-46/153-mfcc-2024-03-10--10-30-46.npy,1
154,k_generated_mfcc/2024-03-10--10-30-46/154-mfcc-2024-03-10--10-30-46.npy,1
155,k_generated_mfcc/2024-03-10--10-30-46/155-mfcc-2024-03-10--10-30-46.npy,1
156,k_generated_mfcc/2024-03-10--10-30-46/156-mfcc-2024-03-10--10-30-46.npy,1
157,k_generated_mfcc/2024-03-10--10-30-46/157-mfcc-2024-03-10--10-30-46.npy,1
158,k_generated_mfcc/2024-03-10--10-30-46/158-mfcc-2024-03-10--10-30-46.npy,1
159,k_generated_mfcc/2024-03-10--10-30-46/159-mfcc-2024-03-10--10-30-46.npy,1
160,k_generated_mfcc/2024-03-10--10-30-46/160-mfcc-2024-03-10--10-30-46.npy,1
161,k_generated_mfcc/2024-03-10--10-30-46/161-mfcc-2024-03-10--10-30-46.npy,1
162,k_generated_mfcc/2024-03-10--10-30-46/162-mfcc-2024-03-10--10-30-46.npy,1
163,k_generated_mfcc/2024-03-10--10-30-46/163-mfcc-2024-03-10--10-30-46.npy,1
164,k_generated_mfcc/2024-03-10--10-30-46/164-mfcc-2024-03-10--10-30-46.npy,1
165,k_generated_mfcc/2024-03-10--10-30-46/165-mfcc-2024-03-10--10-30-46.npy,1
166,k_generated_mfcc/2024-03-10--10-30-46/166-mfcc-2024-03-10--10-30-46.npy,1
167,k_generated_mfcc/2024-03-10--10-30-46/167-mfcc-2024-03-10--10-30-46.npy,1
168,k_generated_mfcc/2024-03-10--10-30-46/168-mfcc-2024-03-10--10-30-46.npy,1
169,k_generated_mfcc/2024-03-10--10-30-46/169-mfcc-2024-03-10--10-30-46.npy,1
170,k_generated_mfcc/2024-03-10--10-30-46/170-mfcc-2024-03-10--10-30-46.npy,1
171,k_generated_mfcc/2024-03-10--10-30-46/171-mfcc-2024-03-10--10-30-46.npy,1
172,k_generated_mfcc/2024-03-10--10-30-46/172-mfcc-2024-03-10--10-30-46.npy,1
173,k_generated_mfcc/2024-03-10--10-30-46/173-mfcc-2024-03-10--10-30-46.npy,1
174,k_generated_mfcc/2024-03-10--10-30-46/174-mfcc-2024-03-10--10-30-46.npy,1
175,k_generated_mfcc/2024-03-10--10-30-46/175-mfcc-2024-03-10--10-30-46.npy,1
176,k_generated_mfcc/2024-03-10--10-30-46/176-mfcc-2024-03-10--10-30-46.npy,1
177,k_generated_mfcc/2024-03-10--10-30-46/177-mfcc-2024-03-10--10-30-46.npy,1
178,k_generated_mfcc/2024-03-10--10-30-46/178-mfcc-2024-03-10--10-30-46.npy,1
179,k_generated_mfcc/2024-03-10--10-30-46/179-mfcc-2024-03-10--10-30-46.npy,1
180,k_generated_mfcc/2024-03-10--10-30-46/180-mfcc-2024-03-10--10-30-46.npy,1
181,k_generated_mfcc/2024-03-10--10-30-46/181-mfcc-2024-03-10--10-30-46.npy,1
182,k_generated_mfcc/2024-03-10--10-30-46/182-mfcc-2024-03-10--10-30-46.npy,1
183,k_generated_mfcc/2024-03-10--10-30-46/183-mfcc-2024-03-10--10-30-46.npy,1
184,k_generated_mfcc/2024-03-10--10-30-46/184-mfcc-2024-03-10--10-30-46.npy,1
185,k_generated_mfcc/2024-03-10--10-30-46/185-mfcc-2024-03-10--10-30-46.npy,1
186,k_generated_mfcc/2024-03-10--10-30-46/186-mfcc-2024-03-10--10-30-46.npy,1
187,k_generated_mfcc/2024-03-10--10-30-46/187-mfcc-2024-03-10--10-30-46.npy,1
188,k_generated_mfcc/2024-03-10--10-30-46/188-mfcc-2024-03-10--10-30-46.npy,1
189,k_generated_mfcc/2024-03-10--10-30-46/189-mfcc-2024-03-10--10-30-46.npy,1
190,k_generated_mfcc/2024-03-10--10-30-46/190-mfcc-2024-03-10--10-30-46.npy,1
191,k_generated_mfcc/2024-03-10--10-30-46/191-mfcc-2024-03-10--10-30-46.npy,1
192,k_generated_mfcc/2024-03-10--10-30-46/192-mfcc-2024-03-10--10-30-46.npy,1
193,k_generated_mfcc/2024-03-10--10-30-46/193-mfcc-2024-03-10--10-30-46.npy,1
194,k_generated_mfcc/2024-03-10--10-30-46/194-mfcc-2024-03-10--10-30-46.npy,1
195,k_generated_mfcc/2024-03-10--10-30-46/195-mfcc-2024-03-10--10-30-46.npy,1
196,k_generated_mfcc/2024-03-10--10-30-46/196-mfcc-2024-03-10--10-30-46.npy,1
197,k_generated_mfcc/2024-03-10--10-30-46/197-mfcc-2024-03-10--10-30-46.npy,1
198,k_generated_mfcc/2024-03-10--10-30-46/198-mfcc-2024-03-10--10-30-46.npy,1
199,k_generated_mfcc/2024-03-10--10-30-46/199-mfcc-2024-03-10--10-30-46.npy,1
200,k_generated_mfcc/2024-03-10--10-30-46/200-mfcc-2024-03-10--10-30-46.npy,1
201,k_generated_mfcc/2024-03-10--10-30-46/201-mfcc-2024-03-10--10-30-46.npy,1
202,k_generated_mfcc/2024-03-10--10-30-46/202-mfcc-2024-03-10--10-30-46.npy,1
203,k_generated_mfcc/2024-03-10--10-30-46/203-mfcc-2024-03-10--10-30-46.npy,1
204,k_generated_mfcc/2024-03-10--10-30-46/204-mfcc-2024-03-10--10-30-46.npy,1
205,k_generated_mfcc/2024-03-10--10-30-46/205-mfcc-2024-03-10--10-30-46.npy,1
206,k_generated_mfcc/2024-03-10--10-30-46/206-mfcc-2024-03-10--10-30-46.npy,1
207,k_generated_mfcc/2024-03-10--10-30-46/207-mfcc-2024-03-10--10-30-46.npy,1
208,k_generated_mfcc/2024-03-10--10-30-46/208-mfcc-2024-03-10--10-30-46.npy,1
209,k_generated_mfcc/2024-03-10--10-30-46/209-mfcc-2024-03-10--10-30-46.npy,1
210,k_generated_mfcc/2024-03-10--10-30-46/210-mfcc-2024-03-10--10-30-46.npy,1
211,k_generated_mfcc/2024-03-10--10-30-46/211-mfcc-2024-03-10--10-30-46.npy,1
212,k_generated_mfcc/2024-03-10--10-30-46/212-mfcc-2024-03-10--10-30-46.npy,1
213,k_generated_mfcc/2024-03-10--10-30-46/213-mfcc-2024-03-10--10-30-46.npy,1
214,k_generated_mfcc/2024-03-10--10-30-46/214-mfcc-2024-03-10--10-30-46.npy,1
215,k_generated_mfcc/2024-03-10--10-30-46/215-mfcc-2024-03-10--10-30-46.npy,1
216,k_generated_mfcc/2024-03-10--10-30-46/216-mfcc-2024-03-10--10-30-46.npy,1
217,k_generated_mfcc/2024-03-10--10-30-46/217-mfcc-2024-03-10--10-30-46.npy,1
218,k_generated_mfcc/2024-03-10--10-30-46/218-mfcc-2024-03-10--10-30-46.npy,1
219,k_generated_mfcc/2024-03-10--10-30-46/219-mfcc-2024-03-10--10-30-46.npy,1
220,k_generated_mfcc/2024-03-10--10-30-46/220-mfcc-2024-03-10--10-30-46.npy,1
221,k_generated_mfcc/2024-03-10--10-30-46/221-mfcc-2024-03-10--10-30-46.npy,1
222,k_generated_mfcc/2024-03-10--10-30-46/222-mfcc-2024-03-10--10-30-46.npy,1
223,k_generated_mfcc/2024-03-10--10-30-46/223-mfcc-2024-03-10--10-30-46.npy,1
224,k_generated_mfcc/2024-03-10--10-30-46/224-mfcc-2024-03-10--10-30-46.npy,1
225,k_generated_mfcc/2024-03-10--10-30-46/225-mfcc-2024-03-10--10-30-46.npy,1
226,k_generated_mfcc/2024-03-10--10-30-46/226-mfcc-2024-03-10--10-30-46.npy,1
227,k_generated_mfcc/2024-03-10--10-30-46/227-mfcc-2024-03-10--10-30-46.npy,1
228,k_generated_mfcc/2024-03-10--10-30-46/228-mfcc-2024-03-10--10-30-46.npy,1
229,k_generated_mfcc/2024-03-10--10-30-46/229-mfcc-2024-03-10--10-30-46.npy,1
230,k_generated_mfcc/2024-03-10--10-30-46/230-mfcc-2024-03-10--10-30-46.npy,1
231,k_generated_mfcc/2024-03-10--10-30-46/231-mfcc-2024-03-10--10-30-46.npy,1
232,k_generated_mfcc/2024-03-10--10-30-46/232-mfcc-2024-03-10--10-30-46.npy,1
233,k_generated_mfcc/2024-03-10--10-30-46/233-mfcc-2024-03-10--10-30-46.npy,1
234,k_generated_mfcc/2024-03-10--10-30-46/234-mfcc-2024-03-10--10-30-46.npy,1
235,k_generated_mfcc/2024-03-10--10-30-46/235-mfcc-2024-03-10--10-30-46.npy,1
236,k_generated_mfcc/2024-03-10--10-30-46/236-mfcc-2024-03-10--10-30-46.npy,1
237,k_generated_mfcc/2024-03-10--10-30-46/237-mfcc-2024-03-10--10-30-46.npy,1
238,k_generated_mfcc/2024-03-10--10-30-46/238-mfcc-2024-03-10--10-30-46.npy,1
239,k_generated_mfcc/2024-03-10--10-30-46/239-mfcc-2024-03-10--10-30-46.npy,1
240,k_generated_mfcc/2024-03-10--10-30-46/240-mfcc-2024-03-10--10-30-46.npy,1
241,k_generated_mfcc/2024-03-10--10-30-46/241-mfcc-2024-03-10--10-30-46.npy,1
242,k_generated_mfcc/2024-03-10--10-30-46/242-mfcc-2024-03-10--10-30-46.npy,1
243,k_generated_mfcc/2024-03-10--10-30-46/243-mfcc-2024-03-10--10-30-46.npy,1
244,k_generated_mfcc/2024-03-10--10-30-46/244-mfcc-2024-03-10--10-30-46.npy,1
245,k_generated_mfcc/2024-03-10--10-30-46/245-mfcc-2024-03-10--10-30-46.npy,1
246,k_generated_mfcc/2024-03-10--10-30-46/246-mfcc-2024-03-10--10-30-46.npy,1
247,k_generated_mfcc/2024-03-10--10-30-46/247-mfcc-2024-03-10--10-30-46.npy,1
248,k_generated_mfcc/2024-03-10--10-30-46/248-mfcc-2024-03-10--10-30-46.npy,1
249,k_generated_mfcc/2024-03-10--10-30-46/249-mfcc-2024-03-10--10-30-46.npy,1
250,k_generated_mfcc/2024-03-10--10-30-46/250-mfcc-2024-03-10--10-30-46.npy,1
251,k_generated_mfcc/2024-03-10--10-30-46/251-mfcc-2024-03-10--10-30-46.npy,1
252,k_generated_mfcc/2024-03-10--10-30-46/252-mfcc-2024-03-10--10-30-46.npy,1
253,k_generated_mfcc/2024-03-10--10-30-46/253-mfcc-2024-03-10--10-30-46.npy,1
254,k_generated_mfcc/2024-03-10--10-30-46/254-mfcc-2024-03-10--10-30-46.npy,1
255,k_generated_mfcc/2024-03-10--10-30-46/255-mfcc-2024-03-10--10-30-46.npy,1
256,k_generated_mfcc/2024-03-10--10-30-46/256-mfcc-2024-03-10--10-30-46.npy,1
257,k_generated_mfcc/2024-03-10--10-30-46/257-mfcc-2024-03-10--10-30-46.npy,1
258,k_generated_mfcc/2024-03-10--10-30-46/258-mfcc-2024-03-10--10-30-46.npy,1
259,k_generated_mfcc/2024-03-10--10-30-46/259-mfcc-2024-03-10--10-30-46.npy,1
260,k_generated_mfcc/2024-03-10--10-30-46/260-mfcc-2024-03-10--10-30-46.npy,1
261,k_generated_mfcc/2024-03-10--10-30-46/261-mfcc-2024-03-10--10-30-46.npy,1
262,k_generated_mfcc/2024-03-10--10-30-46/262-mfcc-2024-03-10--10-30-46.npy,1
263,k_generated_mfcc/2024-03-10--10-30-46/263-mfcc-2024-03-10--10-30-46.npy,1
264,k_generated_mfcc/2024-03-10--10-30-46/264-mfcc-2024-03-10--10-30-46.npy,1
265,k_generated_mfcc/2024-03-10--10-30-46/265-mfcc-2024-03-10--10-30-46.npy,1
266,k_generated_mfcc/2024-03-10--10-30-46/266-mfcc-2024-03-10--10-30-46.npy,1
267,k_generated_mfcc/2024-03-10--10-30-46/267-mfcc-2024-03-10--10-30-46.npy,1
268,k_generated_mfcc/2024-03-10--10-30-46/268-mfcc-2024-03-10--10-30-46.npy,1
269,k_generated_mfcc/2024-03-10--10-30-46/269-mfcc-2024-03-10--10-30-46.npy,1
270,k_generated_mfcc/2024-03-10--10-30-46/270-mfcc-2024-03-10--10-30-46.npy,1
271,k_generated_mfcc/2024-03-10--10-30-46/271-mfcc-2024-03-10--10-30-46.npy,1
272,k_generated_mfcc/2024-03-10--10-30-46/272-mfcc-2024-03-10--10-30-46.npy,1
273,k_generated_mfcc/2024-03-10--10-30-46/273-mfcc-2024-03-10--10-30-46.npy,1
274,k_generated_mfcc/2024-03-10--10-30-46/274-mfcc-2024-03-10--10-30-46.npy,1
275,k_generated_mfcc/2024-03-10--10-30-46/275-mfcc-2024-03-10--10-30-46.npy,1
276,k_generated_mfcc/2024-03-10--10-30-46/276-mfcc-2024-03-10--10-30-46.npy,1
277,k_generated_mfcc/2024-03-10--10-30-46/277-mfcc-2024-03-10--10-30-46.npy,1
278,k_generated_mfcc/2024-03-10--10-30-46/278-mfcc-2024-03-10--10-30-46.npy,1
279,k_generated_mfcc/2024-03-10--10-30-46/279-mfcc-2024-03-10--10-30-46.npy,1
280,k_generated_mfcc/2024-03-10--10-30-46/280-mfcc-2024-03-10--10-30-46.npy,1
281,k_generated_mfcc/2024-03-10--10-30-46/281-mfcc-2024-03-10--10-30-46.npy,1
282,k_generated_mfcc/2024-03-10--10-30-46/282-mfcc-2024-03-10--10-30-46.npy,1
283,k_generated_mfcc/2024-03-10--10-30-46/283-mfcc-2024-03-10--10-30-46.npy,1
284,k_generated_mfcc/2024-03-10--10-30-46/284-mfcc-2024-03-10--10-30-46.npy,1
285,k_generated_mfcc/2024-03-10--10-30-46/285-mfcc-2024-03-10--10-30-46.npy,1
286,k_generated_mfcc/2024-03-10--10-30-46/286-mfcc-2024-03-10--10-30-46.npy,1
287,k_generated_mfcc/2024-03-10--10-30-46/287-mfcc-2024-03-10--10-30-46.npy,1
288,k_generated_mfcc/2024-03-10--10-30-46/288-mfcc-2024-03-10--10-30-46.npy,1
289,k_generated_mfcc/2024-03-10--10-30-46/289-mfcc-2024-03-10--10-30-46.npy,1
290,k_generated_mfcc/2024-03-10--10-30-46/290-mfcc-2024-03-10--10-30-46.npy,1
291,k_generated_mfcc/2024-03-10--10-30-46/291-mfcc-2024-03-10--10-30-46.npy,1
292,k_generated_mfcc/2024-03-10--10-30-46/292-mfcc-2024-03-10--10-30-46.npy,1
293,k_generated_mfcc/2024-03-10--10-30-46/293-mfcc-2024-03-10--10-30-46.npy,1
294,k_generated_mfcc/2024-03-10--10-30-46/294-mfcc-2024-03-10--10-30-46.npy,1
295,k_generated_mfcc/2024-03-10--10-30-46/295-mfcc-2024-03-10--10-30-46.npy,1
296,k_generated_mfcc/2024-03-10--10-30-46/296-mfcc-2024-03-10--10-30-46.npy,1
297,k_generated_mfcc/2024-03-10--10-30-46/297-mfcc-2024-03-10--10-30-46.npy,1
298,k_generated_mfcc/2024-03-10--10-30-46/298-mfcc-2024-03-10--10-30-46.npy,1
299,k_generated_mfcc/2024-03-10--10-30-46/299-mfcc-2024-03-10--10-30-46.npy,1
300,k_generated_mfcc/2024-03-10--10-30-46/300-mfcc-2024-03-10--10-30-46.npy,1
301,k_generated_mfcc/2024-03-10--10-30-46/301-mfcc-2024-03-10--10-30-46.npy,1
302,k_generated_mfcc/2024-03-10--10-30-46/302-mfcc-2024-03-10--10-30-46.npy,1
303,k_generated_mfcc/2024-03-10--10-30-46/303-mfcc-2024-03-10--10-30-46.npy,1
304,k_generated_mfcc/2024-03-10--10-30-46/304-mfcc-2024-03-10--10-30-46.npy,1
305,k_generated_mfcc/2024-03-10--10-30-46/305-mfcc-2024-03-10--10-30-46.npy,1
306,k_generated_mfcc/2024-03-10--10-30-46/306-mfcc-2024-03-10--10-30-46.npy,1
307,k_generated_mfcc/2024-03-10--10-30-46/307-mfcc-2024-03-10--10-30-46.npy,1
308,k_generated_mfcc/2024-03-10--10-30-46/308-mfcc-2024-03-10--10-30-46.npy,1
309,k_generated_mfcc/2024-03-10--10-30-46/309-mfcc-2024-03-10--10-30-46.npy,1
310,k_generated_mfcc/2024-03-10--10-30-46/310-mfcc-2024-03-10--10-30-46.npy,1
311,k_generated_mfcc/2024-03-10--10-30-46/311-mfcc-2024-03-10--10-30-46.npy,1
312,k_generated_mfcc/2024-03-10--10-30-46/312-mfcc-2024-03-10--10-30-46.npy,1
313,k_generated_mfcc/2024-03-10--10-30-46/313-mfcc-2024-03-10--10-30-46.npy,1
314,k_generated_mfcc/2024-03-10--10-30-46/314-mfcc-2024-03-10--10-30-46.npy,1
315,k_generated_mfcc/2024-03-10--10-30-46/315-mfcc-2024-03-10--10-30-46.npy,1
316,k_generated_mfcc/2024-03-10--10-30-46/316-mfcc-2024-03-10--10-30-46.npy,1
317,k_generated_mfcc/2024-03-10--10-30-46/317-mfcc-2024-03-10--10-30-46.npy,1
318,k_generated_mfcc/2024-03-10--10-30-46/318-mfcc-2024-03-10--10-30-46.npy,1
319,k_generated_mfcc/2024-03-10--10-30-46/319-mfcc-2024-03-10--10-30-46.npy,1
320,k_generated_mfcc/2024-03-10--10-30-46/320-mfcc-2024-03-10--10-30-46.npy,1
321,k_generated_mfcc/2024-03-10--10-30-46/321-mfcc-2024-03-10--10-30-46.npy,1
322,k_generated_mfcc/2024-03-10--10-30-46/322-mfcc-2024-03-10--10-30-46.npy,1
323,k_generated_mfcc/2024-03-10--10-30-46/323-mfcc-2024-03-10--10-30-46.npy,1
324,k_generated_mfcc/2024-03-10--10-30-46/324-mfcc-2024-03-10--10-30-46.npy,1
325,k_generated_mfcc/2024-03-10--10-30-46/325-mfcc-2024-03-10--10-30-46.npy,1
326,k_generated_mfcc/2024-03-10--10-30-46/326-mfcc-2024-03-10--10-30-46.npy,1
327,k_generated_mfcc/2024-03-10--10-30-46/327-mfcc-2024-03-10--10-30-46.npy,1
328,k_generated_mfcc/2024-03-10--10-30-46/328-mfcc-2024-03-10--10-30-46.npy,1
329,k_generated_mfcc/2024-03-10--10-30-46/329-mfcc-2024-03-10--10-30-46.npy,1
330,k_generated_mfcc/2024-03-10--10-30-46/330-mfcc-2024-03-10--10-30-46.npy,1
331,k_generated_mfcc/2024-03-10--10-30-46/331-mfcc-2024-03-10--10-30-46.npy,1
332,k_generated_mfcc/2024-03-10--10-30-46/332-mfcc-2024-03-10--10-30-46.npy,1
333,k_generated_mfcc/2024-03-10--10-30-46/333-mfcc-2024-03-10--10-30-46.npy,1
334,k_generated_mfcc/2024-03-10--10-30-46/334-mfcc-2024-03-10--10-30-46.npy,1
335,k_generated_mfcc/2024-03-10--10-30-46/335-mfcc-2024-03-10--10-30-46.npy,1
336,k_generated_mfcc/2024-03-10--10-30-46/336-mfcc-2024-03-10--10-30-46.npy,1
337,k_generated_mfcc/2024-03-10--10-30-46/337-mfcc-2024-03-10--10-30-46.npy,1
338,k_generated_mfcc/2024-03-10--10-30-46/338-mfcc-2024-03-10--10-30-46.npy,1
339,k_generated_mfcc/2024-03-10--10-30-46/339-mfcc-2024-03-10--10-30-46.npy,1
340,k_generated_mfcc/2024-03-10--10-30-46/340-mfcc-2024-03-10--10-30-46.npy,1
341,k_generated_mfcc/2024-03-10--10-30-46/341-mfcc-2024-03-10--10-30-46.npy,1
342,k_generated_mfcc/2024-03-10--10-30-46/342-mfcc-2024-03-10--10-30-46.npy,1
343,k_generated_mfcc/2024-03-10--10-30-46/343-mfcc-2024-03-10--10-30-46.npy,1
344,k_generated_mfcc/2024-03-10--10-30-46/344-mfcc-2024-03-10--10-30-46.npy,1
345,k_generated_mfcc/2024-03-10--10-30-46/345-mfcc-2024-03-10--10-30-46.npy,1
346,k_generated_mfcc/2024-03-10--10-30-46/346-mfcc-2024-03-10--10-30-46.npy,1
347,k_generated_mfcc/2024-03-10--10-30-46/347-mfcc-2024-03-10--10-30-46.npy,1
348,k_generated_mfcc/2024-03-10--10-30-46/348-mfcc-2024-03-10--10-30-46.npy,1
349,k_generated_mfcc/2024-03-10--10-30-46/349-mfcc-2024-03-10--10-30-46.npy,1
350,k_generated_mfcc/2024-03-10--10-30-46/350-mfcc-2024-03-10--10-30-46.npy,1
351,k_generated_mfcc/2024-03-10--10-30-46/351-mfcc-2024-03-10--10-30-46.npy,1
352,k_generated_mfcc/2024-03-10--10-30-46/352-mfcc-2024-03-10--10-30-46.npy,1
353,k_generated_mfcc/2024-03-10--10-30-46/353-mfcc-2024-03-10--10-30-46.npy,1
354,k_generated_mfcc/2024-03-10--10-30-46/354-mfcc-2024-03-10--10-30-46.npy,1
355,k_generated_mfcc/2024-03-10--10-30-46/355-mfcc-2024-03-10--10-30-46.npy,1
356,k_generated_mfcc/2024-03-10--10-30-46/356-mfcc-2024-03-10--10-30-46.npy,1
357,k_generated_mfcc/2024-03-10--10-30-46/357-mfcc-2024-03-10--10-30-46.npy,1
358,k_generated_mfcc/2024-03-10--10-30-46/358-mfcc-2024-03-10--10-30-46.npy,1
359,k_generated_mfcc/2024-03-10--10-30-46/359-mfcc-2024-03-10--10-30-46.npy,1
360,k_generated_mfcc/2024-03-10--10-30-46/360-mfcc-2024-03-10--10-30-46.npy,1
361,k_generated_mfcc/2024-03-10--10-30-46/361-mfcc-2024-03-10--10-30-46.npy,1
362,k_generated_mfcc/2024-03-10--10-30-46/362-mfcc-2024-03-10--10-30-46.npy,1
363,k_generated_mfcc/2024-03-10--10-30-46/363-mfcc-2024-03-10--10-30-46.npy,1
364,k_generated_mfcc/2024-03-10--10-30-46/364-mfcc-2024-03-10--10-30-46.npy,1
365,k_generated_mfcc/2024-03-10--10-30-46/365-mfcc-2024-03-10--10-30-46.npy,1
366,k_generated_mfcc/2024-03-10--10-30-46/366-mfcc-2024-03-10--10-30-46.npy,1
367,k_generated_mfcc/2024-03-10--10-30-46/367-mfcc-2024-03-10--10-30-46.npy,1
368,k_generated_mfcc/2024-03-10--10-30-46/368-mfcc-2024-03-10--10-30-46.npy,1
369,k_generated_mfcc/2024-03-10--10-30-46/369-mfcc-2024-03-10--10-30-46.npy,1
370,k_generated_mfcc/2024-03-10--10-30-46/370-mfcc-2024-03-10--10-30-46.npy,1
371,k_generated_mfcc/2024-03-10--10-30-46/371-mfcc-2024-03-10--10-30-46.npy,1
372,k_generated_mfcc/2024-03-10--10-30-46/372-mfcc-2024-03-10--10-30-46.npy,1
373,k_generated_mfcc/2024-03-10--10-30-46/373-mfcc-2024-03-10--10-30-46.npy,1
374,k_generated_mfcc/2024-03-10--10-30-46/374-mfcc-2024-03-10--10-30-46.npy,1
375,k_generated_mfcc/2024-03-10--10-30-46/375-mfcc-2024-03-10--10-30-46.npy,1
376,k_generated_mfcc/2024-03-10--10-30-46/376-mfcc-2024-03-10--10-30-46.npy,1
377,k_generated_mfcc/2024-03-10--10-30-46/377-mfcc-2024-03-10--10-30-46.npy,1
378,k_generated_mfcc/2024-03-10--10-30-46/378-mfcc-2024-03-10--10-30-46.npy,1
379,k_generated_mfcc/2024-03-10--10-30-46/379-mfcc-2024-03-10--10-30-46.npy,1
380,k_generated_mfcc/2024-03-10--10-30-46/380-mfcc-2024-03-10--10-30-46.npy,1
381,k_generated_mfcc/2024-03-10--10-30-46/381-mfcc-2024-03-10--10-30-46.npy,1
382,k_generated_mfcc/2024-03-10--10-30-46/382-mfcc-2024-03-10--10-30-46.npy,1
383,k_generated_mfcc/2024-03-10--10-30-46/383-mfcc-2024-03-10--10-30-46.npy,1
384,k_generated_mfcc/2024-03-10--10-30-46/384-mfcc-2024-03-10--10-30-46.npy,1
385,k_generated_mfcc/2024-03-10--10-30-46/385-mfcc-2024-03-10--10-30-46.npy,1
386,k_generated_mfcc/2024-03-10--10-30-46/386-mfcc-2024-03-10--10-30-46.npy,1
387,k_generated_mfcc/2024-03-10--10-30-46/387-mfcc-2024-03-10--10-30-46.npy,1
388,k_generated_mfcc/2024-03-10--10-30-46/388-mfcc-2024-03-10--10-30-46.npy,1
389,k_generated_mfcc/2024-03-10--10-30-46/389-mfcc-2024-03-10--10-30-46.npy,1
390,k_generated_mfcc/2024-03-10--10-30-46/390-mfcc-2024-03-10--10-30-46.npy,1
391,k_generated_mfcc/2024-03-10--10-30-46/391-mfcc-2024-03-10--10-30-46.npy,1
392,k_generated_mfcc/2024-03-10--10-30-46/392-mfcc-2024-03-10--10-30-46.npy,1
393,k_generated_mfcc/2024-03-10--10-30-46/393-mfcc-2024-03-10--10-30-46.npy,1
394,k_generated_mfcc/2024-03-10--10-30-46/394-mfcc-2024-03-10--10-30-46.npy,1
395,k_generated_mfcc/2024-03-10--10-30-46/395-mfcc-2024-03-10--10-30-46.npy,1
396,k_generated_mfcc/2024-03-10--10-30-46/396-mfcc-2024-03-10--10-30-46.npy,1
397,k_generated_mfcc/2024-03-10--10-30-46/397-mfcc-2024-03-10--10-30-46.npy,1
398,k_generated_mfcc/2024-03-10--10-30-46/398-mfcc-2024-03-10--10-30-46.npy,1
399,k_generated_mfcc/2024-03-10--10-30-46/399-mfcc-2024-03-10--10-30-46.npy,1
400,k_generated_mfcc/2024-03-10--10-30-46/400-mfcc-2024-03-10--10-30-46.npy,1
401,k_generated_mfcc/2024-03-10--10-30-46/401-mfcc-2024-03-10--10-30-46.npy,1
402,k_generated_mfcc/2024-03-10--10-30-46/402-mfcc-2024-03-10--10-30-46.npy,1
403,k_generated_mfcc/2024-03-10--10-30-46/403-mfcc-2024-03-10--10-30-46.npy,1
404,k_generated_mfcc/2024-03-10--10-30-46/404-mfcc-2024-03-10--10-30-46.npy,1
405,k_generated_mfcc/2024-03-10--10-30-46/405-mfcc-2024-03-10--10-30-46.npy,1
406,k_generated_mfcc/2024-03-10--10-30-46/406-mfcc-2024-03-10--10-30-46.npy,1
407,k_generated_mfcc/2024-03-10--10-30-46/407-mfcc-2024-03-10--10-30-46.npy,1
408,k_generated_mfcc/2024-03-10--10-30-46/408-mfcc-2024-03-10--10-30-46.npy,1
409,k_generated_mfcc/2024-03-10--10-30-46/409-mfcc-2024-03-10--10-30-46.npy,1
410,k_generated_mfcc/2024-03-10--10-30-46/410-mfcc-2024-03-10--10-30-46.npy,1
411,k_generated_mfcc/2024-03-10--10-30-46/411-mfcc-2024-03-10--10-30-46.npy,1
412,k_generated_mfcc/2024-03-10--10-30-46/412-mfcc-2024-03-10--10-30-46.npy,1
413,k_generated_mfcc/2024-03-10--10-30-46/413-mfcc-2024-03-10--10-30-46.npy,1
414,k_generated_mfcc/2024-03-10--10-30-46/414-mfcc-2024-03-10--10-30-46.npy,1
415,k_generated_mfcc/2024-03-10--10-30-46/415-mfcc-2024-03-10--10-30-46.npy,1
416,k_generated_mfcc/2024-03-10--10-30-46/416-mfcc-2024-03-10--10-30-46.npy,1
417,k_generated_mfcc/2024-03-10--10-30-46/417-mfcc-2024-03-10--10-30-46.npy,1
418,k_generated_mfcc/2024-03-10--10-30-46/418-mfcc-2024-03-10--10-30-46.npy,1
419,k_generated_mfcc/2024-03-10--10-30-46/419-mfcc-2024-03-10--10-30-46.npy,1
420,k_generated_mfcc/2024-03-10--10-30-46/420-mfcc-2024-03-10--10-30-46.npy,1
421,k_generated_mfcc/2024-03-10--10-30-46/421-mfcc-2024-03-10--10-30-46.npy,1
422,k_generated_mfcc/2024-03-10--10-30-46/422-mfcc-2024-03-10--10-30-46.npy,1
423,k_generated_mfcc/2024-03-10--10-30-46/423-mfcc-2024-03-10--10-30-46.npy,1
424,k_generated_mfcc/2024-03-10--10-30-46/424-mfcc-2024-03-10--10-30-46.npy,1
425,k_generated_mfcc/2024-03-10--10-30-46/425-mfcc-2024-03-10--10-30-46.npy,1
426,k_generated_mfcc/2024-03-10--10-30-46/426-mfcc-2024-03-10--10-30-46.npy,1
427,k_generated_mfcc/2024-03-10--10-30-46/427-mfcc-2024-03-10--10-30-46.npy,1
428,k_generated_mfcc/2024-03-10--10-30-46/428-mfcc-2024-03-10--10-30-46.npy,1
429,k_generated_mfcc/2024-03-10--10-30-46/429-mfcc-2024-03-10--10-30-46.npy,1
430,k_generated_mfcc/2024-03-10--10-30-46/430-mfcc-2024-03-10--10-30-46.npy,1
431,k_generated_mfcc/2024-03-10--10-30-46/431-mfcc-2024-03-10--10-30-46.npy,1
432,k_generated_mfcc/2024-03-10--10-30-46/432-mfcc-2024-03-10--10-30-46.npy,1
433,k_generated_mfcc/2024-03-10--10-30-46/433-mfcc-2024-03-10--10-30-46.npy,1
434,k_generated_mfcc/2024-03-10--10-30-46/434-mfcc-2024-03-10--10-30-46.npy,1
435,k_generated_mfcc/2024-03-10--10-30-46/435-mfcc-2024-03-10--10-30-46.npy,1
436,k_generated_mfcc/2024-03-10--10-30-46/436-mfcc-2024-03-10--10-30-46.npy,1
437,k_generated_mfcc/2024-03-10--10-30-46/437-mfcc-2024-03-10--10-30-46.npy,1
438,k_generated_mfcc/2024-03-10--10-30-46/438-mfcc-2024-03-10--10-30-46.npy,1
439,k_generated_mfcc/2024-03-10--10-30-46/439-mfcc-2024-03-10--10-30-46.npy,1
440,k_generated_mfcc/2024-03-10--10-30-46/440-mfcc-2024-03-10--10-30-46.npy,1
441,k_generated_mfcc/2024-03-10--10-30-46/441-mfcc-2024-03-10--10-30-46.npy,1
442,k_generated_mfcc/2024-03-10--10-30-46/442-mfcc-2024-03-10--10-30-46.npy,1
443,k_generated_mfcc/2024-03-10--10-30-46/443-mfcc-2024-03-10--10-30-46.npy,1
444,k_generated_mfcc/2024-03-10--10-30-46/444-mfcc-2024-03-10--10-30-46.npy,1
445,k_generated_mfcc/2024-03-10--10-30-46/445-mfcc-2024-03-10--10-30-46.npy,1
446,k_generated_mfcc/2024-03-10--10-30-46/446-mfcc-2024-03-10--10-30-46.npy,1
447,k_generated_mfcc/2024-03-10--10-30-46/447-mfcc-2024-03-10--10-30-46.npy,1
448,k_generated_mfcc/2024-03-10--10-30-46/448-mfcc-2024-03-10--10-30-46.npy,1
449,k_generated_mfcc/2024-03-10--10-30-46/449-mfcc-2024-03-10--10-30-46.npy,1
450,k_generated_mfcc/2024-03-10--10-30-46/450-mfcc-2024-03-10--10-30-46.npy,1
451,k_generated_mfcc/2024-03-10--10-30-46/451-mfcc-2024-03-10--10-30-46.npy,1
452,k_generated_mfcc/2024-03-10--10-30-46/452-mfcc-2024-03-10--10-30-46.npy,1
453,k_generated_mfcc/2024-03-10--10-30-46/453-mfcc-2024-03-10--10-30-46.npy,1
454,k_generated_mfcc/2024-03-10--10-30-46/454-mfcc-2024-03-10--10-30-46.npy,1
455,k_generated_mfcc/2024-03-10--10-30-46/455-mfcc-2024-03-10--10-30-46.npy,1
456,k_generated_mfcc/2024-03-10--10-30-46/456-mfcc-2024-03-10--10-30-46.npy,1
457,k_generated_mfcc/2024-03-10--10-30-46/457-mfcc-2024-03-10--10-30-46.npy,1
458,k_generated_mfcc/2024-03-10--10-30-46/458-mfcc-2024-03-10--10-30-46.npy,1
459,k_generated_mfcc/2024-03-10--10-30-46/459-mfcc-2024-03-10--10-30-46.npy,1
460,k_generated_mfcc/2024-03-10--10-30-46/460-mfcc-2024-03-10--10-30-46.npy,1
461,k_generated_mfcc/2024-03-10--10-30-46/461-mfcc-2024-03-10--10-30-46.npy,1
462,k_generated_mfcc/2024-03-10--10-30-46/462-mfcc-2024-03-10--10-30-46.npy,1
463,k_generated_mfcc/2024-03-10--10-30-46/463-mfcc-2024-03-10--10-30-46.npy,1
464,k_generated_mfcc/2024-03-10--10-30-46/464-mfcc-2024-03-10--10-30-46.npy,1
465,k_generated_mfcc/2024-03-10--10-30-46/465-mfcc-2024-03-10--10-30-46.npy,1
466,k_generated_mfcc/2024-03-10--10-30-46/466-mfcc-2024-03-10--10-30-46.npy,1
467,k_generated_mfcc/2024-03-10--10-30-46/467-mfcc-2024-03-10--10-30-46.npy,1
468,k_generated_mfcc/2024-03-10--10-30-46/468-mfcc-2024-03-10--10-30-46.npy,1
469,k_generated_mfcc/2024-03-10--10-30-46/469-mfcc-2024-03-10--10-30-46.npy,1
470,k_generated_mfcc/2024-03-10--10-30-46/470-mfcc-2024-03-10--10-30-46.npy,1
471,k_generated_mfcc/2024-03-10--10-30-46/471-mfcc-2024-03-10--10-30-46.npy,1
472,k_generated_mfcc/2024-03-10--10-30-46/472-mfcc-2024-03-10--10-30-46.npy,1
473,k_generated_mfcc/2024-03-10--10-30-46/473-mfcc-2024-03-10--10-30-46.npy,1
474,k_generated_mfcc/2024-03-10--10-30-46/474-mfcc-2024-03-10--10-30-46.npy,1
475,k_generated_mfcc/2024-03-10--10-30-46/475-mfcc-2024-03-10--10-30-46.npy,1
476,k_generated_mfcc/2024-03-10--10-30-46/476-mfcc-2024-03-10--10-30-46.npy,1
477,k_generated_mfcc/2024-03-10--10-30-46/477-mfcc-2024-03-10--10-30-46.npy,1
478,k_generated_mfcc/2024-03-10--10-30-46/478-mfcc-2024-03-10--10-30-46.npy,1
479,k_generated_mfcc/2024-03-10--10-30-46/479-mfcc-2024-03-10--10-30-46.npy,1
480,k_generated_mfcc/2024-03-10--10-30-46/480-mfcc-2024-03-10--10-30-46.npy,1
481,k_generated_mfcc/2024-03-10--10-30-46/481-mfcc-2024-03-10--10-30-46.npy,1
482,k_generated_mfcc/2024-03-10--10-30-46/482-mfcc-2024-03-10--10-30-46.npy,1
483,k_generated_mfcc/2024-03-10--10-30-46/483-mfcc-2024-03-10--10-30-46.npy,1
484,k_generated_mfcc/2024-03-10--10-30-46/484-mfcc-2024-03-10--10-30-46.npy,1
485,k_generated_mfcc/2024-03-10--10-30-46/485-mfcc-2024-03-10--10-30-46.npy,1
486,k_generated_mfcc/2024-03-10--10-30-46/486-mfcc-2024-03-10--10-30-46.npy,1
487,k_generated_mfcc/2024-03-10--10-30-46/487-mfcc-2024-03-10--10-30-46.npy,1
488,k_generated_mfcc/2024-03-10--10-30-46/488-mfcc-2024-03-10--10-30-46.npy,1
489,k_generated_mfcc/2024-03-10--10-30-46/489-mfcc-2024-03-10--10-30-46.npy,1
490,k_generated_mfcc/2024-03-10--10-30-46/490-mfcc-2024-03-10--10-30-46.npy,1
491,k_generated_mfcc/2024-03-10--10-30-46/491-mfcc-2024-03-10--10-30-46.npy,1
492,k_generated_mfcc/2024-03-10--10-30-46/492-mfcc-2024-03-10--10-30-46.npy,1
493,k_generated_mfcc/2024-03-10--10-30-46/493-mfcc-2024-03-10--10-30-46.npy,1
494,k_generated_mfcc/2024-03-10--10-30-46/494-mfcc-2024-03-10--10-30-46.npy,1
495,k_generated_mfcc/2024-03-10--10-30-46/495-mfcc-2024-03-10--10-30-46.npy,1
496,k_generated_mfcc/2024-03-10--10-30-46/496-mfcc-2024-03-10--10-30-46.npy,1
497,k_generated_mfcc/2024-03-10--10-30-46/497-mfcc-2024-03-10--10-30-46.npy,1
498,k_generated_mfcc/2024-03-10--10-30-46/498-mfcc-2024-03-10--10-30-46.npy,1
499,k_generated_mfcc/2024-03-10--10-30-46/499-mfcc-2024-03-10--10-30-46.npy,1
500,k_generated_mfcc/2024-03-10--10-30-46/500-mfcc-2024-03-10--10-30-46.npy,1
501,k_generated_mfcc/2024-03-10--10-30-46/501-mfcc-2024-03-10--10-30-46.npy,1
502,k_generated_mfcc/2024-03-10--10-30-46/502-mfcc-2024-03-10--10-30-46.npy,1
503,k_generated_mfcc/2024-03-10--10-30-46/503-mfcc-2024-03-10--10-30-46.npy,1
504,k_generated_mfcc/2024-03-10--10-30-46/504-mfcc-2024-03-10--10-30-46.npy,1
505,k_generated_mfcc/2024-03-10--10-30-46/505-mfcc-2024-03-10--10-30-46.npy,1
506,k_generated_mfcc/2024-03-10--10-30-46/506-mfcc-2024-03-10--10-30-46.npy,1
507,k_generated_mfcc/2024-03-10--10-30-46/507-mfcc-2024-03-10--10-30-46.npy,1
508,k_generated_mfcc/2024-03-10--10-30-46/508-mfcc-2024-03-10--10-30-46.npy,1
509,k_generated_mfcc/2024-03-10--10-30-46/509-mfcc-2024-03-10--10-30-46.npy,1
510,k_generated_mfcc/2024-03-10--10-30-46/510-mfcc-2024-03-10--10-30-46.npy,1
511,k_generated_mfcc/2024-03-10--10-30-46/511-mfcc-2024-03-10--10-30-46.npy,1
512,k_generated_mfcc/2024-03-10--10-30-46/512-mfcc-2024-03-10--10-30-46.npy,1
513,k_generated_mfcc/2024-03-10--10-30-46/513-mfcc-2024-03-10--10-30-46.npy,1
514,k_generated_mfcc/2024-03-10--10-30-46/514-mfcc-2024-03-10--10-30-46.npy,1
515,k_generated_mfcc/2024-03-10--10-30-46/515-mfcc-2024-03-10--10-30-46.npy,1
516,k_generated_mfcc/2024-03-10--10-30-46/516-mfcc-2024-03-10--10-30-46.npy,1
517,k_generated_mfcc/2024-03-10--10-30-46/517-mfcc-2024-03-10--10-30-46.npy,1
518,k_generated_mfcc/2024-03-10--10-30-46/518-mfcc-2024-03-10--10-30-46.npy,1
519,k_generated_mfcc/2024-03-10--10-30-46/519-mfcc-2024-03-10--10-30-46.npy,1
520,k_generated_mfcc/2024-03-10--10-30-46/520-mfcc-2024-03-10--10-30-46.npy,1
521,k_generated_mfcc/2024-03-10--10-30-46/521-mfcc-2024-03-10--10-30-46.npy,1
522,k_generated_mfcc/2024-03-10--10-30-46/522-mfcc-2024-03-10--10-30-46.npy,1
523,k_generated_mfcc/2024-03-10--10-30-46/523-mfcc-2024-03-10--10-30-46.npy,1
524,k_generated_mfcc/2024-03-10--10-30-46/524-mfcc-2024-03-10--10-30-46.npy,1
525,k_generated_mfcc/2024-03-10--10-30-46/525-mfcc-2024-03-10--10-30-46.npy,1
526,k_generated_mfcc/2024-03-10--10-30-46/526-mfcc-2024-03-10--10-30-46.npy,1
527,k_generated_mfcc/2024-03-10--10-30-46/527-mfcc-2024-03-10--10-30-46.npy,1
528,k_generated_mfcc/2024-03-10--10-30-46/528-mfcc-2024-03-10--10-30-46.npy,1
529,k_generated_mfcc/2024-03-10--10-30-46/529-mfcc-2024-03-10--10-30-46.npy,1
530,k_generated_mfcc/2024-03-10--10-30-46/530-mfcc-2024-03-10--10-30-46.npy,1
531,k_generated_mfcc/2024-03-10--10-30-46/531-mfcc-2024-03-10--10-30-46.npy,1
532,k_generated_mfcc/2024-03-10--10-30-46/532-mfcc-2024-03-10--10-30-46.npy,1
533,k_generated_mfcc/2024-03-10--10-30-46/533-mfcc-2024-03-10--10-30-46.npy,1
534,k_generated_mfcc/2024-03-10--10-30-46/534-mfcc-2024-03-10--10-30-46.npy,1
535,k_generated_mfcc/2024-03-10--10-30-46/535-mfcc-2024-03-10--10-30-46.npy,1
536,k_generated_mfcc/2024-03-10--10-30-46/536-mfcc-2024-03-10--10-30-46.npy,1
537,k_generated_mfcc/2024-03-10--10-30-46/537-mfcc-2024-03-10--10-30-46.npy,1
538,k_generated_mfcc/2024-03-10--10-30-46/538-mfcc-2024-03-10--10-30-46.npy,1
539,k_generated_mfcc/2024-03-10--10-30-46/539-mfcc-2024-03-10--10-30-46.npy,1
540,k_generated_mfcc/2024-03-10--10-30-46/540-mfcc-2024-03-10--10-30-46.npy,1
541,k_generated_mfcc/2024-03-10--10-30-46/541-mfcc-2024-03-10--10-30-46.npy,1
542,k_generated_mfcc/2024-03-10--10-30-46/542-mfcc-2024-03-10--10-30-46.npy,1
543,k_generated_mfcc/2024-03-10--10-30-46/543-mfcc-2024-03-10--10-30-46.npy,1
544,k_generated_mfcc/2024-03-10--10-30-46/544-mfcc-2024-03-10--10-30-46.npy,1
545,k_generated_mfcc/2024-03-10--10-30-46/545-mfcc-2024-03-10--10-30-46.npy,1
546,k_generated_mfcc/2024-03-10--10-30-46/546-mfcc-2024-03-10--10-30-46.npy,1
547,k_generated_mfcc/2024-03-10--10-30-46/547-mfcc-2024-03-10--10-30-46.npy,1
548,k_generated_mfcc/2024-03-10--10-30-46/548-mfcc-2024-03-10--10-30-46.npy,1
549,k_generated_mfcc/2024-03-10--10-30-46/549-mfcc-2024-03-10--10-30-46.npy,1
550,k_generated_mfcc/2024-03-10--10-30-46/550-mfcc-2024-03-10--10-30-46.npy,1
551,k_generated_mfcc/2024-03-10--10-30-46/551-mfcc-2024-03-10--10-30-46.npy,1
552,k_generated_mfcc/2024-03-10--10-30-46/552-mfcc-2024-03-10--10-30-46.npy,1
553,k_generated_mfcc/2024-03-10--10-30-46/553-mfcc-2024-03-10--10-30-46.npy,1
554,k_generated_mfcc/2024-03-10--10-30-46/554-mfcc-2024-03-10--10-30-46.npy,1
555,k_generated_mfcc/2024-03-10--10-30-46/555-mfcc-2024-03-10--10-30-46.npy,1
556,k_generated_mfcc/2024-03-10--10-30-46/556-mfcc-2024-03-10--10-30-46.npy,1
557,k_generated_mfcc/2024-03-10--10-30-46/557-mfcc-2024-03-10--10-30-46.npy,1
558,k_generated_mfcc/2024-03-10--10-30-46/558-mfcc-2024-03-10--10-30-46.npy,1
559,k_generated_mfcc/2024-03-10--10-30-46/559-mfcc-2024-03-10--10-30-46.npy,1
560,k_generated_mfcc/2024-03-10--10-30-46/560-mfcc-2024-03-10--10-30-46.npy,1
561,k_generated_mfcc/2024-03-10--10-30-46/561-mfcc-2024-03-10--10-30-46.npy,1
562,k_generated_mfcc/2024-03-10--10-30-46/562-mfcc-2024-03-10--10-30-46.npy,1
563,k_generated_mfcc/2024-03-10--10-30-46/563-mfcc-2024-03-10--10-30-46.npy,1
564,k_generated_mfcc/2024-03-10--10-30-46/564-mfcc-2024-03-10--10-30-46.npy,1
565,k_generated_mfcc/2024-03-10--10-30-46/565-mfcc-2024-03-10--10-30-46.npy,1
566,k_generated_mfcc/2024-03-10--10-30-46/566-mfcc-2024-03-10--10-30-46.npy,1
567,k_generated_mfcc/2024-03-10--10-30-46/567-mfcc-2024-03-10--10-30-46.npy,1
568,k_generated_mfcc/2024-03-10--10-30-46/568-mfcc-2024-03-10--10-30-46.npy,1
569,k_generated_mfcc/2024-03-10--10-30-46/569-mfcc-2024-03-10--10-30-46.npy,1
570,k_generated_mfcc/2024-03-10--10-30-46/570-mfcc-2024-03-10--10-30-46.npy,1
571,k_generated_mfcc/2024-03-10--10-30-46/571-mfcc-2024-03-10--10-30-46.npy,1
572,k_generated_mfcc/2024-03-10--10-30-46/572-mfcc-2024-03-10--10-30-46.npy,1
573,k_generated_mfcc/2024-03-10--10-30-46/573-mfcc-2024-03-10--10-30-46.npy,1
574,k_generated_mfcc/2024-03-10--10-30-46/574-mfcc-2024-03-10--10-30-46.npy,1
575,k_generated_mfcc/2024-03-10--10-30-46/575-mfcc-2024-03-10--10-30-46.npy,1
576,k_generated_mfcc/2024-03-10--10-30-46/576-mfcc-2024-03-10--10-30-46.npy,1
577,k_generated_mfcc/2024-03-10--10-30-46/577-mfcc-2024-03-10--10-30-46.npy,1
578,k_generated_mfcc/2024-03-10--10-30-46/578-mfcc-2024-03-10--10-30-46.npy,1
579,k_generated_mfcc/2024-03-10--10-30-46/579-mfcc-2024-03-10--10-30-46.npy,1
580,k_generated_mfcc/2024-03-10--10-30-46/580-mfcc-2024-03-10--10-30-46.npy,1
581,k_generated_mfcc/2024-03-10--10-30-46/581-mfcc-2024-03-10--10-30-46.npy,1
582,k_generated_mfcc/2024-03-10--10-30-46/582-mfcc-2024-03-10--10-30-46.npy,1
583,k_generated_mfcc/2024-03-10--10-30-46/583-mfcc-2024-03-10--10-30-46.npy,1
584,k_generated_mfcc/2024-03-10--10-30-46/584-mfcc-2024-03-10--10-30-46.npy,1
585,k_generated_mfcc/2024-03-10--10-30-46/585-mfcc-2024-03-10--10-30-46.npy,1
586,k_generated_mfcc/2024-03-10--10-30-46/586-mfcc-2024-03-10--10-30-46.npy,1
587,k_generated_mfcc/2024-03-10--10-30-46/587-mfcc-2024-03-10--10-30-46.npy,1
588,k_generated_mfcc/2024-03-10--10-30-46/588-mfcc-2024-03-10--10-30-46.npy,1
589,k_generated_mfcc/2024-03-10--10-30-46/589-mfcc-2024-03-10--10-30-46.npy,1
590,k_generated_mfcc/2024-03-10--10-30-46/590-mfcc-2024-03-10--10-30-46.npy,1
591,k_generated_mfcc/2024-03-10--10-30-46/591-mfcc-2024-03-10--10-30-46.npy,1
592,k_generated_mfcc/2024-03-10--10-30-46/592-mfcc-2024-03-10--10-30-46.npy,1
593,k_generated_mfcc/2024-03-10--10-30-46/593-mfcc-2024-03-10--10-30-46.npy,1
594,k_generated_mfcc/2024-03-10--10-30-46/594-mfcc-2024-03-10--10-30-46.npy,1
595,k_generated_mfcc/2024-03-10--10-30-46/595-mfcc-2024-03-10--10-30-46.npy,1
596,k_generated_mfcc/2024-03-10--10-30-46/596-mfcc-2024-03-10--10-30-46.npy,1
597,k_generated_mfcc/2024-03-10--10-30-46/597-mfcc-2024-03-10--10-30-46.npy,1
598,k_generated_mfcc/2024-03-10--10-30-46/598-mfcc-2024-03-10--10-30-46.npy,1
599,k_generated_mfcc/2024-03-10--10-30-46/599-mfcc-2024-03-10--10-30-46.npy,1
600,k_generated_mfcc/2024-03-10--10-30-46/600-mfcc-2024-03-10--10-30-46.npy,1
601,k_generated_mfcc/2024-03-10--10-30-46/601-mfcc-2024-03-10--10-30-46.npy,1
602,k_generated_mfcc/2024-03-10--10-30-46/602-mfcc-2024-03-10--10-30-46.npy,1
603,k_generated_mfcc/2024-03-10--10-30-46/603-mfcc-2024-03-10--10-30-46.npy,1
604,k_generated_mfcc/2024-03-10--10-30-46/604-mfcc-2024-03-10--10-30-46.npy,1
605,k_generated_mfcc/2024-03-10--10-30-46/605-mfcc-2024-03-10--10-30-46.npy,1
606,k_generated_mfcc/2024-03-10--10-30-46/606-mfcc-2024-03-10--10-30-46.npy,1
607,k_generated_mfcc/2024-03-10--10-30-46/607-mfcc-2024-03-10--10-30-46.npy,1
608,k_generated_mfcc/2024-03-10--10-30-46/608-mfcc-2024-03-10--10-30-46.npy,1
609,k_generated_mfcc/2024-03-10--10-30-46/609-mfcc-2024-03-10--10-30-46.npy,1
610,k_generated_mfcc/2024-03-10--10-30-46/610-mfcc-2024-03-10--10-30-46.npy,1
611,k_generated_mfcc/2024-03-10--10-30-46/611-mfcc-2024-03-10--10-30-46.npy,1
612,k_generated_mfcc/2024-03-10--10-30-46/612-mfcc-2024-03-10--10-30-46.npy,1
613,k_generated_mfcc/2024-03-10--10-30-46/613-mfcc-2024-03-10--10-30-46.npy,1
614,k_generated_mfcc/2024-03-10--10-30-46/614-mfcc-2024-03-10--10-30-46.npy,1
615,k_generated_mfcc/2024-03-10--10-30-46/615-mfcc-2024-03-10--10-30-46.npy,1
616,k_generated_mfcc/2024-03-10--10-30-46/616-mfcc-2024-03-10--10-30-46.npy,1
617,k_generated_mfcc/2024-03-10--10-30-46/617-mfcc-2024-03-10--10-30-46.npy,1
618,k_generated_mfcc/2024-03-10--10-30-46/618-mfcc-2024-03-10--10-30-46.npy,1
619,k_generated_mfcc/2024-03-10--10-30-46/619-mfcc-2024-03-10--10-30-46.npy,1
620,k_generated_mfcc/2024-03-10--10-30-46/620-mfcc-2024-03-10--10-30-46.npy,1
621,k_generated_mfcc/2024-03-10--10-30-46/621-mfcc-2024-03-10--10-30-46.npy,1
622,k_generated_mfcc/2024-03-10--10-30-46/622-mfcc-2024-03-10--10-30-46.npy,1
623,k_generated_mfcc/2024-03-10--10-30-46/623-mfcc-2024-03-10--10-30-46.npy,1
624,k_generated_mfcc/2024-03-10--10-30-46/624-mfcc-2024-03-10--10-30-46.npy,1
625,k_generated_mfcc/2024-03-10--10-30-46/625-mfcc-2024-03-10--10-30-46.npy,1
626,k_generated_mfcc/2024-03-10--10-30-46/626-mfcc-2024-03-10--10-30-46.npy,1
627,k_generated_mfcc/2024-03-10--10-30-46/627-mfcc-2024-03-10--10-30-46.npy,1
628,k_generated_mfcc/2024-03-10--10-30-46/628-mfcc-2024-03-10--10-30-46.npy,1
629,k_generated_mfcc/2024-03-10--10-30-46/629-mfcc-2024-03-10--10-30-46.npy,1
